{
  "accuracy": 0.9656606097936556,
  "precision": 0.9747086984012284,
  "recall": 0.9463299131807419,
  "f1": 0.9603096911987186
}