{
  "accuracy": 0.9636202648598706,
  "precision": 0.9728703201302225,
  "recall": 0.943435937911076,
  "f1": 0.95792707359423
}